{
    "Mentiongift": false,
    "Mentionkick": false,
    "Respontag": "DUH KENA TAG",
    "Talkblacklist": {},
    "Talkdblacklist": false,
    "Talkwblacklist": false,
    "addadmin": false,
    "addbots": false,
    "addstaff": false,
    "admin": {},
    "autoAdd": true,
    "autoJoin": true,
    "autoLeave": false,
    "autoLeave1": false,
    "blacklist": {},
    "bots": {},
    "comment": "Ikutan Like Aja Lah\nBye Abi OlengKiller",
    "contact": false,
    "dblacklist": false,
    "delladmin": false,
    "dellbots": false,
    "dellstaff": false,
    "detectMention": false,
    "leave": "Koplak Kan Baper",
    "limit": 1,
    "mention": "Colok Ni Ngintip2",
    "message": "Cie Yang Add Abi Oleng Killer",
    "owner": {},
    "selfbot": true,
    "staff": {},
    "sticker": false,
    "talkban": true,
    "unsend": true,
    "wblacklist": false,
    "welcome": "Selamat Datang Dan Selamat Colly Ya gaesss wkwkwkwk",
    "welcomeOn": false
}